ReviewTitle,ReviewBody,ReviewStar,Product
"Great product in its price segment
","Great product in its price segment. Good sound quality. Very compatible with both PC and mobile. Go for it without concerns.
",4,Sennheiser CX 6.0BT
"Bad produt sold
","I bought this product and returned it in 3 days as it will not connect after pairing. I got the replacement and the same after 24 days. Waste of money
",1,boAt Rockerz 255
"After getting this product, I got to know something ...
","After getting this product, I got to know something that was surprising. As I am having Lumiaq, it supports Cortana Digital Assistant by just pressing down the button on the headset for long time. It was a shock to me as I am a frequent  user of Cortana. Thank you Sennheiser! and Thank you amazon for getting me this product on time.!!!!!
",4,Sennheiser CX 6.0BT
"Good product ,fast delivery
","Average product , fast delivery I got this item with in 3 days  ,nice to use, average sound quality ,I buy this for my gf
",2,JBL T110BT
"One side earphone  is not working
","Don't purchase it because,after one month Right side earphone is not working
",2,boAt Rockerz 255
"Nice
","Nice product.
",4,boAt Rockerz 255
"CX 275s 1499. Amazon sale.
","A very powerful, distortion-free audio with great bass.  Inline remote control and microphone for mobile devices. Comfortable, secure, lightweight.
",4,Sennheiser CX 6.0BT
"Battery backup is very poor
","Battery backup is very poorJust one day for full charging..üò£
",2,JBL T110BT
"Dissatisfied
","Very dissatisfied. I had another one. But the sound quality of the new one is very bad.
",1,Sennheiser CX 6.0BT
"Awesome Product
","Simply awesome..
",5,Sennheiser CX 6.0BT
"worst quality for Zym
","please donnot buy this product, I found this is worst quality product , I did not use 5 months .
",1,JBL T110BT
"This earphone is loosing their sound and base as i ...
","This earphone is loosing their sound and base as i am using from 20 days only.. The base is very low now... can any one tell me how i can fixed this problem.
",2,Sennheiser CX 6.0BT
"Tremendous
","Tremendous sound quality
",5,Sennheiser CX 6.0BT
"worst product from Amazon
","It stopped working after 2 month's.Very much disappointed for getting a fake one from Amazon
",1,boAt Rockerz 255
"But if Ur not a bass lover
","Less bass with more clarity. Idle for long listeners and not recommended for bass lovers. You won't stress out even after listening for hours. Am using this from past 4 years and I don't see any wear n tare on it and also because I handled it carefully
",4,Sennheiser CX 6.0BT
"Not satisfied
","Average quality
",4,boAt Rockerz 255
"Best in range
","Nice
",5,Sennheiser CX 6.0BT
"Not Connect to Mobile
","Not Connect to Mobile
",1,JBL T110BT
"Satisfactory and recommended for good sound quality, noise cancellation, comfort.
","Sound is better at this range compared to other brands. But the rubber at base of head phone, jack are started tearing
",4,Sennheiser CX 6.0BT
"Great product üëç
","Sound is crystal clear even in crowded area. Great product for phone calls.
",5,Sennheiser CX 6.0BT
"good Bluetooth earphone
","best sound quality
",5,JBL T205BT
"Awesome Product.. best in this price Range.
","Sound Quality -4/5Batter -3/5Durability, make -- 4/5
",5,boAt Rockerz 255
"Not upto the mark
","Sound clarity is good ....But got one replacement within 3months for cause of less sound in right ear phone.
",3,Sennheiser CX 6.0BT
"love it...
","good product but... little bit improvement in .. design but on the basis of sound quality awesome.... go for it guys ...
",4,boAt Rockerz 255
"Replacement required for defective product ie.earpiece of Seinheiser company
","I am looking for a replacement of the product, within six /6 months, a piece broke of the mouth where you attach it to the phone & stayed stuck inside it so that I couldn't put or use any other earpiece even in place of your Seinheiser one for long time till I could take it to a repair hub where they removed it, but as it is broken, can't use it anymore, how is this possible that a high-end claimed to be high quality earpiece costing about 1500 bucks breaks within few months? Please arrange for a replacement ASAP immediately without fail from the company's side.
",1,Sennheiser CX 6.0BT
"üòç
","Wounder full product
",5,JBL T110BT
"Go for it....
","Sprb sound quality... Bassüî•....
",5,boAt Rockerz 255
"Not working after 5 months of use.
","I bought these earphones in the third week of January 2019. They worked great for more than 5 months and now they have stopped working from 1st July, 2019. I was just listening to songs and a weird sound 'chhuchik' came from right earphone and it is not turning on from then.
",3,boAt Rockerz 255
"Good product with poor battery backup.
","Beautiful sound quality, noice cancellation. Only thing is first 1week I got good battery backup. Now it's not lasing enen for 1hr also. It's bad.
",2,boAt Rockerz 255
"Best
","Good q.....price üòÇ
",4,PTron Intunes
"Go for it
","Would recommend to all music lovers.
",5,Sennheiser CX 6.0BT
"Average Headphones at price range 1K
","Battrey backup 3/5Sound Quality 3/5 Do Not expect great bassValue for Money 4/5Bluetooth Reception 3/5Considering price of 1K its an good product for daily use
",4,boAt Rockerz 255
"Another great experience with Sennheiser
","As usual Sennehiser gave the best audio. I was using Cx 180 earlier but due to no mic in that, I bought this one and it is obviously more crisp and clear in quality that 180. Though the product is priced more than 180 but it is worth it. Covering more frequency than 180 on both ends gives this product an extra value for the buck and also another great experience with Sennheiser.
",5,Sennheiser CX 6.0BT
"Bad bass quality
","No bass
",2,JBL T110BT
"Sound quality bad after 15 days
","Please give at least up-to 30 days to return the products. I did not like it after 25 days as it started behaving weird, without any physical intervention. I am not at all satisfied and i want to return the product and buy something else. Not at all fair!
",1,Sennheiser CX 6.0BT
"Be it business or sports this one solves both in most affordable manner
","Good and very good product in the price range I recommend for people looking for mix use at business and sport no need to have separate earphone
",4,boAt Rockerz 255
"Best earphone ever......!!!!!!!!!
","Awesome ............!!!! earphone i just love excellent bass  , excellent sound , best noise cancellation.
",5,Sennheiser CX 6.0BT
"Durability is major issue
","Sound quality is good but it‚Äôs not durable.
",1,Sennheiser CX 6.0BT
"Average sound quality
","Pros. Good and comfortable  fit , eliminates noise well  Excellent delivery speed,Cons.  Average sound quality , poor mids and highs
",3,Flybot Boom
"Not durable
","Broke down after a few days of usage. It is not able to power up. Replacement is taking it's own sweet time. Though it's priced cheaper than peer products, realised that quality doesn't come cheap
",1,boAt Rockerz 255
"Good sound
","Bought during offer just in 1000 rs.. sound quality is good..how long durable don't know
",4,boAt Rockerz 255
"This is my bad experience with amazon
","These earphone is not suitable in ear so every minute they are not properly fit. JBL is great brand but this is bad earphone I have seen. JBL is too costly. When is return this earphone amazon is not option to me to return only replacement. That s is my mad experience with amazon.
",1,JBL T205BT
"Perfect headfones
","Perfect product.. bit pricy but quality makes up for it.
",5,Sennheiser CX 6.0BT
"Right ear plug stoped working
","They are the best one to go for In this price .But after using it for six months right ear plug stoped working .
",2,Sennheiser CX 6.0BT
"Not Worth
","Wire is too long to handel, looks like its not a jbl product, plastic qualitu is too low,earbuds is not comfortable,
",1,JBL T110BT
"Very very very bad product
","Very bad and disturbing product , I bought on September 14,2018 within a month speaker and microphone are not working ,  please don‚Äôt go for this.
",1,JBL T110BT
"Stopped working !
","Stopped working after 6 months of use ..
",1,JBL T110BT
"how can i make online complaint
","After 2 months battery sucks.. red light not convert to blue after 3 to 4 hour charging... battery shows 60% but suddenly notification of battery low comes
",1,boAt Rockerz 255
"Nice
","Superb deep bass...arrived by time
",5,Flybot Boom
"Waste of Money
","Worst product and complete waste of money.Ear gets hurt and doesnt sit properly.Alos the support tags were not good
",1,boAt Rockerz 255
"Not Happy with this
","Not Happy with this. No voice when Connecting thorugh Jack provided with this. Replaced but still same issue. And sound balance is not proper with both the earplugs.One is quite loud and one is so quite.
",1,Sennheiser CX 6.0BT
"sound
","best
",2,JBL T110BT
"Dont think it is original Sennheiser!
","Faulty product received once and had to return it. The replacement was also of bad quality with bent audio jack.
",2,Sennheiser CX 6.0BT
"Value
","Nice boat
",5,boAt Rockerz 255
"The Quality of the sound is not good. I bought Street II earlier for half the ...
","The Quality of the sound is not good. I bought Street II earlier for half the price of this. This does not stand up to the quality of the Street II. Realized that not all Sennheiser is good.
",2,Sennheiser CX 6.0BT
"Very very bad. The seller is selling defective item
","Totally defective. Ruined my wait and my expectations. Very very bad. The seller is selling defective item.
",1,Sennheiser CX 6.0BT
"Chatta
","Chatta
",2,JBL T110BT
"Worst product for long duration period
","Product is good for 3 months and then the issues beginLeft side will work for somebtime and right will stop as repeatedly
",1,boAt Rockerz 255
"Pls change this product
","Sound & bass IS very lower
",3,JBL T205BT
"Not good
","Sound quality is not good
",1,JBL T110BT
"Cool Bluetooth earphone
","I like the sound quality and connectivity is good. The build quality is also good and it is comfortable within ears.
",5,JBL T205BT
"Ok
","Trouble connecting to the other device if previously paired with another. Design is not what appears from the image shown. It's simple rubber wire.
",3,Flybot Wave
".
","Good sound quality but when you want to receive calls, the sound quality gets bad sometimes... But overall amazing product at this price.
",4,boAt Rockerz 255
"Good product. buy it
","Its a pretty good product. Battery life is an issue but for wireless its good. Though it has a little problem staying in ear because the hooks on the buds keep getting loose.
",5,boAt Rockerz 255
"Returned it
","I Returned it immediately because the sound quality was just like my Rs.400/- panasonic earphones. There was no bass at all.
",1,Sennheiser CX 6.0BT
"Not working after 2 months
","Left side ear phone is not working after 2 months of usage. Within a month mice is not working.
",1,Sennheiser CX 6.0BT
"Super
","I like it
",5,boAt Rockerz 255
"Fault in Left side  ear phone
","Quality not good. Left side speaker is not working properly bass was missing. Sound is cracking
",1,JBL T205BT
"Bass is hitting
","Bass is low point for this earphone.
",3,Sennheiser CX 6.0BT
"Great earphones by Sennheiser.
","Great earphones at this price(1400‚Çπ).Pros:better than soundmagic es18s .Bass is well balanced (you can go for sony xb series if u want high bass).Overall a good earphone with quality sound output.Cons:Wire is not so strong..need to handle with care.Jack is not L shaped.
",4,Sennheiser CX 6.0BT
"Best product
","Best product
",4,PTron Intunes
"Awesome Delivery. Wonderful Product.
","Delivery from amazon is really awesome. It was raining heavily since morning, but still i got my package delivered by evening. Awww!!!. Very happy with the service. To say about the product, awesome product for this awesome price. I got it just for 1364 bucks, which is nothing when compared to the quality of the sound and other features. The ear phone gels well with Ipod and other apple products when compared to other Android devices.
",4,Sennheiser CX 6.0BT
"Charging problem after 4months of use
","Durability is not good product is not getting charged indication light is blinking when kept for charge  this happend after 4months of use
",3,JBL T110BT
"PUBG, seller, battery
","Superb quality of sound and music some disadvantage is u can't play pubg with this sometimes there is noise when nearby to a mobile tower , battery percentage indication goes from 100,80,60,20 u won't know when ur battery is getting over,About the seller the package was not up to Mark and box was already opened.
",3,boAt Rockerz 255
"Sound quality is good
","Very nice
",4,JBL T110BT
"Great
","You guys could have worked on battery life.Overall a great product and value for money üëå
",4,boAt Rockerz 255
"Average
","the output is average
",3,boAt Rockerz 255
"Ghatiya wire used.
","Worst earphone. Very easily breakable wire. Not good at all.
",1,Sennheiser CX 6.0BT
"Pubg players must read.
","A great earphones by boAt Rockerz. The earphones is overall great. But if you are buying this earphones for playing pubg I may recommend not because the mic speaker is so low that the other pubg players gets our sound really low. If you are buying this earphones for music, travel, movies etc then go for it.
",5,boAt Rockerz 255
"Worth for money
","Awesome and amazing product
",5,Sennheiser CX 6.0BT
"Poooooor sound quality...muze ye samaj nai ata..ise itni rating kaise mili..
","Sound quality is not good...its like 100rs earphones..its a mono sound not stereo...only bass no other worlds or instruments hear.. built quality is also low...
",2,boAt Rockerz 255
"Worst
","First time I saw this type of quality from JBL earphones Rubber bud is not fixed in earphone properly
",1,JBL T205BT
"Quality wire and ear ends
","As usual the wires tangle... But impressive sound quality and bass. Fine noise cancellation..
",5,Sennheiser CX 6.0BT
"Durability
","Did not work after 3 months of using
",2,JBL T110BT
"Gift is ears
","Good product sound is to goodReally enjoy good quality of sound.
",4,Sennheiser CX 6.0BT
"Minus 10 Star Rating
","Don't buy this product.1st time purchased JBL Product but totally disappointed.Feel heavy on neck. Battery and Volume both are big in size.Good for normal classic music.More Treble then Bass.Sound on Call very bad.Will not even give any star rating fo4 this product.
",1,JBL T110BT
"regarding misbehaviour
","after 15days its misbehave , headphone has conneted  showing but its not works every 20-30mints restarts the boAt Rockerz 255 Sports Bluetooth headphones.
",2,boAt Rockerz 255
"Excellent
","Nice product
",5,boAt Rockerz 255
"Good product
","Product is good but when it connects to mobile device, some time the voice quality goes down during the call. I am using this with one plus 5. Battery backup is good as shown.
",4,boAt Rockerz 255
"Three Stars
","Clarity is very good, noice reduction also good.. But it is so louder that ears got irritated sometime...
",3,Sennheiser CX 6.0BT
"Satisfied with this product
","Sound quality Awesome, Battery life is very good but auto connection problem we have to connect manually otherwise no problem at all.  If you want to buy then you can buy it.
",4,boAt Rockerz 255
"Its an average built headphone.
","In the name of noise cancellation it it just a freek. It just fits good in ears doesn't cansel noise. Wire should have been made of better quality to avoid tangelling. In the price range that it is being sold.
",5,Sennheiser CX 6.0BT
"Good sound quality and base but could have done better with Bluetooth strength.
","The Bluetooth connectivity gets interrupted at times with distorted sounds coming even if the earphones and the device you've connected it to is nearby each other. Would have liked a way to adjust the length of the cable like in the Jaybirds.
",4,JBL T110BT
"Worth it!
","Overall pretty good.Complete noise cancellation is not expected at this price range anyway. But it does reduce some background noise.Earbubs fit quite well. Would not fall off during workout. Build quality is also very nice.Sound quality is very good at this price range although it lacks the punchy bass that some prefer.
",4,Sennheiser CX 6.0BT
"Superb...
","The volume and bass quality is superb, also has a high range bluetooth connectivity.
",5,Flybot Wave
"Solid
","Earphones are solid!! But the wire is thin, i just boight them. I am a bass lover and for me its is a solid deal!
",4,Sennheiser CX 6.0BT
"The worst ear piece I ever bought.
","The worst ear piece I ever bought. Worst distortion of sound and is loose fitting in the socket in phone.
",1,Sennheiser CX 6.0BT
"NOT COMFORTABLE
","they are not comfortable ear start paining after 15 20 minsAND SOUND QUALITY IS TATTI BC ‚òπÔ∏è ACHE REVIEWS SE FAS MAT JANA...MAT LO ‚ö†Ô∏è‚ö†Ô∏è‚ö†Ô∏è‚ö†Ô∏è
",1,JBL T205BT
"Loved this product
","I just loved my new earphones ...they fit excellently in my ears ....and the bass is also perfect
",5,boAt Rockerz 255
"Connectivity problem
","My Bluetooth device is not properly working there is some connectivity issues first the device is normally connet to my phone than after some time this was disconnected suddenly without any reasonPlz fix it otherwise gime me anyone some tips for how to fix this problem
",1,boAt Rockerz 255
"Three Stars
","Sennheiser cx180 is much better.. and the price is way too less!! Go for sennheiser cx180!!
",3,Sennheiser CX 6.0BT
"Lost bluetooth
","Lost my jblbluetooth üò≠
",5,JBL T110BT
"Quality of the product not that great
","Not that great sound quality good but quality not that gr8
",1,Sennheiser CX 6.0BT
"Good to go! Good to hear..!
","A bit delicate and sensitive like, earphone cables are a bit lengthy. But u can't get anything better for this price tag of 1099!
",4,boAt Rockerz 255
"Boat is like Boss now..!
","Happy for the purchase and the sound output is very good. Got this for 1k in 'Deal for the Day'. Thank you Amazon :)
",4,boAt Rockerz 255
"Awesome quality sound but speakers stop working within 3 mnths
","Bass is awesome but speakers stopped working within 3 months and warranty is waste coz it takes almost 20 days to get repaired and after repaired also speakers stopped working completely
",1,boAt Rockerz 255
"Good Purchase
","Ear hooks may be provided extra
",4,boAt Rockerz 255
"Not much bass as expected from JBL
","A bit too long for sports use. JBL wired earphones provide more bass than this one. Otherwise pretty nice for casual use
",3,JBL T110BT
"You can buy...its a good product...
","I like it...jst go for it
",4,JBL T205BT
"Not durable
","I bought this headphones but its cord broke after a year of use. Not durable enough
",2,Sennheiser CX 6.0BT
"Good sound quality. Bad build quality
","The audio is pretty good. Bass is average. But the built quality is really bad. After 6 months the insulation is worn out. I'm not a hard core user. The product is just bad.
",2,Sennheiser CX 6.0BT
"Packing was good and product quality is superb
","I purchased it 3 months ago from Amazon. Packing was good and product quality is superb. It has great Bass and clear sound with good noise cancellation. It really has value for money
",5,Sennheiser CX 6.0BT
"Super
","Love is all I can say, wonder product.Value for money.Super like..
",4,boAt Rockerz 255
"Regular complain for Hazy and unclear voice on the opposite side
","The person called complains for hazy & unclear voice .  Such a great brand JBL but the quality hopeless.
",1,JBL T205BT
"Awesome product and super fast delivery!
","I received this product in a day which is the fastest I've ever received any order from Amazon at. Really happy with the earphones and sound quality is absolutely amazing. I owned a pair of sennheiser  cx180s which is still as great as new which I purchased in July 2015 last year. I must say that the durability of sennheiser earphones is marvellous as I tried using the skullcandy earphones before and they wouldn't survive for even  last 3 months. After the first listen to a song, I could make out how the bass is boosted in the 275s and the notes as super clear. So happy! Totally worth the money. And I'm glad I upgraded to this. I'm a total sennheiser fan!
",5,Sennheiser CX 6.0BT
"Average
","Low bass
",3,Sennheiser CX 6.0BT
"very good headphones to use with any smartphones
","very good headphones to use with any smartphones....but very less Bass even after switched on the IR blaster mode. expensive as the price you are buying.
",3,Sennheiser CX 6.0BT
"Not up to the level
","Some what sound quality noise cancellation also nominal but i didn't expect these kind of stuff from boat like companies
",3,boAt Rockerz 255
"so i bought it from outside but have to review ...
","so i bought it from outside but have to review it........don't buy it , doesn't have any bass at all
",2,JBL T110BT
"Worst product or duplicate items. Feeling cheated by Amazon.
","Nothing to like. Worst product, not worth to buy even for RS. 500. If you really care about review don't buy this product. Stopped working in 1 month. Worst battery backup. Worst quality product nothing good.
",1,boAt Rockerz 255
"Small Area Connectivity
","Small radius distance connectivity, increasing of some radius distance cause voice hampering.
",3,boAt Rockerz 255
"#Very cheep
","Sound wise its good but not in the traffic or road areas... Few weeks later its mic was not working.. I brought this for talking.. But now i can't.. Its price also so high.. At the same time its quality is vry poor...
",2,JBL T205BT
"Four Stars
","Great Hearing musical device  and enjoy uninterrupted Music
",4,Sennheiser CX 6.0BT
"Battery life and speaker very poor.
","Battery life is very less. Lasts 2-3 hours.  It is only for listening.. Speaker phone isn't loud and clear.. Better to spend a bit more but buy a decent product.
",2,PTron Intunes
"Nice but not best ....nirvana are very much better
","Nice,but the boat nirvana sound quality is very much better compared to this....works fine for occasional usage
",3,boAt Rockerz 255
"Not pocket friendly (in terms of design)
","Can't keep this in your pocket. Make sure you like this design before you buy. You can see this product on YouTube.
",3,boAt Rockerz 255
"Nice
","Small comfortable good sound
",5,JBL T110BT
"Poor bass compared to other earphone in same price and loudness was not there
","The loudness was very low as well as the bass
",3,Sennheiser CX 6.0BT
"Not happy with Amazon
","First one i order had connectivity issues so i order a replacement...look at the pictures of replacement product... package looks tampered or used..and the earphones were dirty also
",2,boAt Rockerz 255
"Four Stars
","Real good and convenient
",4,Skullcandy S2PGHW-174
"Not connecting with One plus 6
","Could not able to connect with One plus Device
",1,boAt Rockerz 255
"Two Stars
","Rate high then pytm
",2,JBL T110BT
"üòçüòçüòç
","Amazing.....the quality is really nice..... Must try
",5,boAt Rockerz 255
"Good
","Good
",3,JBL T205BT
"Quality
","Head Phone doesn't to work more than 6 to 8 month...after that it's start to create connection problem.
",2,Sennheiser CX 6.0BT
"Stopped working after 6 months
","worked well for the last 6 months and now all of a sudden does not turn on. There is no clear info on where to get these replaced/repaired in Bangalore.
",1,Skullcandy S2PGHW-174
"Not upto the mark
","the quality not as expected
",2,PTron Intunes
"Never recommend
","I only use it for 2 hrs a day and the product is just use less.. within 3 months it has started its issues.. even when fully charged it only works for a max limit of 10mins..worst product ever used.
",1,JBL T110BT
"Pathetic Speaker Of the Year
","One of the worst sounding speakers ever I have purchased in my life. Road side ‚Çπ100 speakers sound much much better than this.The audio quality is so tinny, no base, no clarity just distorted pathetic sound.Don‚Äôt u even think of answering your wife‚Äôs call on this one as she might misunderstand u for saying something else as the audio is so poor the other person is always like ‚ÄúSay what now‚Äù...
",1,JBL T110BT
"Three Stars
","If you listen at full volume then person next to you will also get to hear all the sound
",3,Sennheiser CX 6.0BT
"Beware if you're not a senheiser fan!
","Not durable even for 2 years warranty. Couldn't find it better than my existing headphones... That I received with my samsung smartphone!
",1,Sennheiser CX 6.0BT
"Length is too short and Battery backup is poor
","Length is too short and Battery backup is poor
",3,PTron Intunes
"Good
","Good but please use audify music appafor music because u can control the bass
",5,boAt Rockerz 255
"Stopped charging
","After 8 months i am facing issues with its charging.
",1,JBL T110BT
"Decent but comes with disclaimer
","Decent but has a lot of cons. Ears start painting after a prolonged use hence is not designed wellNoise cancellation is very low.
",3,JBL T205BT
"Overpriced
","Sound quality is good..but the product is slightly over priced
",3,Sennheiser CX 6.0BT
"Not suitable for honour mobiles
","Dont how does it works with other phones but with honour pro i used to get headache whenever i use it...
",1,boAt Rockerz 255
"Disconnected automatically
","It's great to have this but I have sometimes it disconnected automatically while listing music and playing games...It's disturbing!
",3,JBL T205BT
"Can be better and cheaper
","Good product though
",3,JBL T205BT
"Worth buy
","Amazing product
",5,JBL T110BT
"Not good quality
","Not good quality
",1,JBL T110BT
"Style not suitable for workout sessions!
","The earphone is fine. The wire is way too long which is annoying during worouts. The wire at the neck is way too thick. Seems like wearing a hairband around the neck. I do not like it for that reason. It will just keep shifting from one side to another and will distract you during workouts.Dound quality is good. However, the bluetooth range is not so good. It starts to disconnectent while moving in the gym from one side another.
",2,boAt Rockerz 255
"Wasted my Money
","frequently getting disconnected in d middle of watching videos or listening.. Previously bought Cross beats... comparing to that.. Samsung is really waste.. I had waste the amount and its not worth for it..
",1,Samsung EO-BG950CBEIN
"Need replacement
","Second time am facing the issue. Double voice hearing like a mimicry.
",1,JBL T205BT
"Five Stars
","Good output. Comfortable to the ear. Light weight. Good bag to carry it. Overall satisfied with my buy
",5,Sennheiser CX 6.0BT
"1 month user experience...
","experience is awesome quite handy grt sound best thing I have been is excellent battery at this price range....Recommend to buy
",4,boAt Rockerz 255
"not happy with the product
","for a JBL I expected better sound quality.
",1,JBL T110BT
"Overall good but could have improved the battery life
","Sound quality n bass is good but the battery backup is generally 4-5 hrs
",3,boAt Rockerz 255
"Best Earphone.
","Fits perfectlyCan be used for long time.Excellent sound quality.Best thing: If the product is damaged( No physical damage) within 2 years of purchase Sennheiser will replace it, no question asked.
",5,Sennheiser CX 6.0BT
"Please dont buy!!!!!
","Please don't buy this product. Only after using for 1 month earphones had stopped working and got it replaced within 15 days time. Now again I'm facing same issue with the replaced one.Had bought this earphones for jogging especially for jogging purpose however the keys don't work and I'm not sure of these are even sweat proof. Purchased in the month of March'19 now facing a lot of issues as to charging, battery life, Bluetooth connectivity, ear placement.
",1,boAt Rockerz 255
"Wire quality is very bad
","Wires have cuts in between and I was not able to use it before so unable to return it.
",2,Sennheiser CX 6.0BT
"According to price doesn't meets the expectations
","Sounds quality is not that good also a plastiki built which in not very durable price doesn't meets the expectations.
",4,boAt Rockerz 255
"Good earphones.
","Good Bluetooth earphone for listening music. Noise cancellation is very less.
",5,boAt Rockerz 255
"Chang
","Right saund not
",1,JBL T110BT
"Must buy product by sennheiser
","Likes- build quality, sound of course was the best thing.
",5,Sennheiser CX 6.0BT
"Good quality
","Sound good. Bt material quality is ok
",5,Sennheiser CX 6.0BT
"Very bad product deliver
","This product not good and not good sovery sounds and Refurnish product delivered very  bed quality...
",1,JBL T205BT
"POOR QUALITY
","very poor quality and charge does not work!! do not buy this!
",1,boAt Rockerz 255
"... also vry gud one but these r little more better then buds 2 and also u will get warranty ...
","I was using skullcandy smokin buds 2 and I must say that buds 2 also vry gud one but these r little more better then buds 2 and also u will get warranty of 2 yrs. on cx 275s....so must suggest to all of my frnds to go for sennheiser cx 275s in this prize range :)
",5,Sennheiser CX 6.0BT
"Screeching sound
","When put to full volume..sound wasn‚Äôt clear enough and it was a bit of screeching sound that came along..indeed it was on the day i got the product delivered..not so good
",2,Flybot Wave
"Durability üí©üí©üí©
","1 month - awesome2 month - left earphone stopped working3 month - right earphone stopped workingjust after that.. .refer the pics uploaded.Boat is known for it's durability. Because I have a wired boat earphone too.But this one was a worthless, hopless and junk product.But yes Bluetooth is still working absolutely fine (not the earphones).
",1,boAt Rockerz 255
"Connectivity issue
","I got a damaged product on my first delivery then on exchange within 2-3 weeks i am having connectivity issue,  also the voice quality is not as such,  I'm not impressed by the product and it's not buying worth it,  and if there would be a return option i would have gone for it
",2,boAt Rockerz 255
"Worth it
","Worth every single rupee
",5,Sennheiser CX 6.0BT
"Not value for money
","Sound quality is average not as per JBL standard, not value for money.
",2,JBL T110BT
"Good if you don‚Äôt have mobile packed earphones
","Bass is powerful, but overall sound balance is not clear and balanced... and yes most important it hurts in ear after long use
",2,boAt Rockerz 255
"rest all good.
","Don't know whether it's defect one or not. Sometimes phone media will not work at all, rest all good.
",2,Skullcandy S2PGHW-174
"Value for money
","Pros1. Great sound quality.2. Value for money.3. Easy pairing.Cons.1. Difficult to fit small ears.2. Battery should be go bit longer.
",4,boAt Rockerz 255
"3Star For Reasons
","Sound Quality is average, Battery last for 4-5 Hours of playback, major drawback is Bluetooth range is as weak as let's say 10Mtr Max Other one is this Bluetooth Headset interfering with my WiFi I changed channel of wifi and everything but couldn't help. While connection with Bluetooth I can't reach even 5Mbps speed of my WiFi.
",2,boAt Rockerz 255
"Poor sound quality
","The sound quality is horrible, too basy heavy. Connectivity issues are also quite persistent
",2,boAt Rockerz 255
"Bluetooth connectivity
","Getting interruption in bluetooth connectivity while phone is in pocket.
",4,boAt Rockerz 255
"Probably the best in the price range
","Probably the best in the price range.wonderful bass and treble is just perfect for the users. However the wiring quality is damn too cheap likr any other headphones. Still sennheiser has that added advantage of any other headphones in this range. Satisfied with the product.
",4,Sennheiser CX 6.0BT
"No punch in bass
","Jbl t160 was way better than this. Punchy bass is missing.
",2,JBL T205BT
"Definitely worth if you are looking at basic model
","Very good sound clarity with bass. The neck band is very flexible. You do not have to worry about handling. It looks like it would withstand rough use to a good extent. Overall a very good basic product. I have used many other boAt wired and wireless earphones. This is not a long term review of the product though.
",5,boAt Rockerz 255
"but bass enthusiasts will be disappointed.
","Drivers are small (8mm) -slight difficulty getting it into ears.Sound is OK,but bass enthusiasts will be disappointed.
",3,Sennheiser CX 6.0BT
"Love it.
","I've been using it for more than six months. It works amazingly well
",5,Sennheiser CX 6.0BT
"poor product
","not worth the purchase
",2,JBL T110BT
"Boost the Hidden Beats with Sennheiser CX275
","After using a month i'm writing this review.  Its good to buy. Go ahead if you're a LOVER of EMDPros:1. Sound quality is Superb.2. Treble does it works well.3. Noise cancellation is excellent ( Don't USE while driving/riding the bike).4. Remote button is really good , its feature.  4.1-  You can pick the call.  4.2-  You can change the song by double press, and pause the song by single press.Cons:1. Built quality is OK (Looks like Plastic type).2. Thin cable.3. Bass is not up to the mark.4. Mic doesn't cancel the external noise (Like Mobile phone's built-in Mic). Its good to use in closed area / Traffic-less place.
",4,Sennheiser CX 6.0BT
"Need to take action against dealer
","In one month one side speaker stop working, seriously I don't know now where to go, if you are spending this amount and what you get behalf of this really unacceptable üò†üò†, too bad , at least Amazon should need to take action against dealer
",1,boAt Rockerz 255
"Not worth
","Got it at 2000 ‚Çπ at cromaNot worth 2000 sound quality is not that good and call quality is totally worst
",3,JBL T205BT
"Left Ear stopped working
","I was satisfied with this product and enjoyed using it but after 3 months the left ear piece started lowering the sound. I thought it must be the song quality and nevertheless kept hearing the songs. After about 10 months the sound from left ear piece stopped working all of the sudden. I know its not my mistake since i never used it in moist area not do i take it our during a workout. I have asked Both amazon and the Seller to replace the product for me when the warranty was valid and its been long since then and there's no response from both Amazon and the Seller.
",2,JBL T110BT
"Thank you amazon
","I'm Very very happy with these product it was very powerful earphones
",5,JBL T110BT
"Not compatible
","It was not connecting to my phone, when I connected to other phone I was working good. I want to return the product.
",4,boAt Rockerz 255
"Nice product
","Nice product with excellent bass . Good balance of sound and bass. Nice design.Cons:- wire is very thin ,have to be careful
",5,Sennheiser CX 6.0BT
"Battery life is pathetic rest awesome
","Sound quality is awesome . But battery is not at all good. Disconnecting when I rode the bike at 70kmph with these on.
",3,boAt Rockerz 255
"Worst for calling
","Worst, outside sounds will more than original voice, sound quality not at all good
",2,boAt Rockerz 255
"mic good music superb
","Music is quite good although the mic is just OK ok. I generally listen it while jogging in the morning
",3,Sennheiser CX 6.0BT
"Disappointed with the product
","Boat has lot of disturbance while talking on a call and also noise cancellation does not work at all..Ant audio is far better than this. No distrubance at all and also noise cancellation is excellent...Used on bike and during workouts as well
",2,boAt Rockerz 255
"How do I get it serviced
","It's haven't even been months and the right earphones is not working and its Mike listen to all the noise  coming from 300 metre away but not my voice who is in front of it
",1,boAt Rockerz 255
"and the sound is also annoying some times
","I am totally dissatisfied with this product, won't compatible with all the devices out there, and the sound is also annoying some times.
",2,Sennheiser CX 6.0BT
"Good and worth of money
","It has some breaks in connectivity
",4,boAt Rockerz 255
"Awesome product for this price
","This product has greater value for money. Good sound quality greater bass. Noise cancelation is also good. I never think the product is going to performs in such a manner
",5,boAt Rockerz 255
"One Star
","Worst product I have ever received.Poor bass and poor mic
",1,JBL T110BT
"sound quality is OK noise cancellation i good.. Sony MDR-XB30EX In-Ear Extra Bass Stereo Headphone ...
","buy this product on last week(3-7-2015)guys, pl z don't expect more bass.sound quality is OKnoise cancellation i good. .Sony MDR-XB30EX In-Ear Extra Bass Stereo Headphone  this one is much better than sennheiser. on my experince.
",3,Sennheiser CX 6.0BT
"Not for Bass lovers and not so comfortable to wear
","Not for Bass lovers. I am not even one, but still would prefer a bit more bass. Also, it's not so comfortable to wear or stay on place if you would jog or run. It's annoying to keep adjusting, which otherwise a wired headset will be better.
",2,JBL T110BT
"Boat rocketz Headset-review
","Boat - Battery charge doesn‚Äôt stay longer if you are on it the entire day .. I have used better products though their or on the higher price range .. I‚Äôm may have come blunt on this review ..but I‚Äôm feeling itAmazon as usual rocks so nothing to Amazon team Keep up the good work
",2,boAt Rockerz 255
"Poor sound quality...not expected from JBL
","Sound is really poor
",2,JBL T110BT
"JBL T110 BT- Worth the money?
","Battery life is Good but expected a little more from JBL in terms of sound quality.Yes, Tested this with youtube, inbuilt music player of phone and play music app. You will get the real bass only when you tweek the settings to bass boost @ 100 in equiliser of play music app.Rest the build quality is good and product is 100% genuine...Fitting in ear is good and both the earbuds are magnetic enables you to carry them around your neck easily.To wrap up; If you need a decent pair of earphones with not boomy heavy bass but optimum bass then go for it !
",3,JBL T110BT
"Amazon degrading its quality.
","Worst product, First product received was with scratches on It and after exchange, 2nd Product‚Äôs Right earbud not functional..Amazon has degraded its quality.. Worst service by amazon this time and not at all worthy product.
",1,JBL T205BT
"Amazed with sound
","Quality of sound it delivers is on par with any 5k+ earphone. Built quality is good. Amazon delivered thia product earlier (within 2 day from order) before actual deliver date. Thanks to amazon ‚ò∫Ô∏è
",5,Sennheiser CX 6.0BT
"Four Stars
","good product
",4,JBL T110BT
"This jbl bluetooth headphone quality is not good..
","I want to return  this product but there is no option to return so please tell me how could I return this product...
",3,JBL T110BT
"Not working properly right side one is not working
","Very poor in durability just purchased 3 months ago now not working properly
",2,boAt Rockerz 255
"Battery life down from 6 hours to 2 minutes in 3 months
","Didn't last for even 3 months. Was very happy with the product initially but as all the other reviewers have mentioned, the battery is worst. The battery life reduced slowly from 6 hours to now 2 minutes.Really was not expecting this from a jbl product.Lost trust on the jbl brand
",4,JBL T110BT
"I am very disappointed , there is no boat customer care in India ,kindly  help this issue
","I like this because i like sound quality and very comfortable ,but  after 1months sound is come very less ,
",3,boAt Rockerz 255
"Not better than skull candy smokin bud 2
","Skull candy is better option
",3,Sennheiser CX 6.0BT
"decent product
","buid quality is little cheap not very cheapbase is little higher, equaliser tweak will fix it
",4,JBL T110BT
"Midium
","Voice calling not clear
",4,JBL T110BT
"Sound quality
","Sound quality is not good & it's to long
",3,JBL T110BT
"Product damage under warranty period.
","Hello Amazon team, i brought this headphone in August 2017.. There was 24 months of warranty for product, but currently headphone is not working properly. Right side headphone damage under 22 months.... So please help me for the replacement process... Thanks
",4,Sennheiser CX 6.0BT
"Not worth it
","Doesn't really look like whats shown in the pic..  It has a band and not just wire..  The sound quality is just ok but the battery life is too bad..  Doesn't even work for an hour..  Not worth it for 2k... Too disappointed
",3,boAt Rockerz 255
"Good sound quality. The adapter provided was not working though.
","Good sound quality. The adapter provided was not working though.Head phone and mic worked good. But an adapter provided was not good. When we connect it sound quality drooped.
",4,Sennheiser CX 6.0BT
"3 star
","It's ok kind.
",3,JBL T205BT
"product not working properly
","not working properly, music stucks at between many times, when its connected. not making  worth for money.
",1,Skullcandy S2PGHW-174
"Initially the was good but 2 day while on call there is noise ...
","Initially the was good but 2 day while on call there is noise district ion firstly I thought that there is a problem with network but there was fault in headphone
",2,Sennheiser CX 6.0BT
"Not very comfortable while working out
","Good but not very comfortable while working out. The ear bud doesn‚Äôt fit very well. Wouldn‚Äôt recommend neck bands for workout purposes
",2,boAt Rockerz 255
"Average product
","Nice product... but a bit high price.It could have much better sound quality at this price. I have always loved ""Boat"", it is one of the best product of boat but could be better. Sound quality is average... not upto the mark. I was expecting it to be more clearwith better base n treble.
",4,boAt Rockerz 255
"Damaged packaging. Suspected product was not original.
","Sound contain plane bass. Packaging was damaged .I suspect I didn't get the original one .whatever I got was having slightly good sound quality than earlier i had(‚Çπ599). Still i m going to buy boat earphones only because of its quality and durability.
",3,boAt Rockerz 255
"Five Stars
","value for money
",5,Sennheiser CX 6.0BT
"only buy if your are a base lover
","the headsets are comfy and the design is sleek regarding sound the headsets handels most of the back gound instruments just fine not great just fine the base is so much that it interferes with the voice of the vocalist the sounds gets suppressed while the base is just loud the voice also cracks sometimes if you listen closely overall not for everyone but great buy.
",3,boAt Rockerz 255
"After a 2 months stop working
","After a 2 months stop working
",1,JBL T110BT
"Automatically disconnects after 30 minutes of use.
","The product seemed good initially (including the design, weight balance, sound quality etc). However, within 15 days of use, it has started behaving funny as it gets disconnected after 30 minutes of use (even when mobile is in my pocket). So, I can't trust this Bluetooth earphone while taking official calls.
",2,boAt Rockerz 255
"Worst product.... don't buy at all
","Worst product ever..... After a week it damaged completely
",1,boAt Rockerz 255
"Product Authenciation Received via Mail From Sennheiser
","Product Authenciation Failed. Mailed details to Sennheiser and got confirmation that Product is original
",5,Sennheiser CX 6.0BT
"Sound is very very low I can here out side noise
","Good brand but sound üîä is Very low i do not injoy it bcz when I play songs and any video i can hear so much out side noise sorry but it's truth it's with me last few months but i do not use it bcz of same resion
",1,JBL T110BT
"Worth buying... And I liked it..
","Worth buying this product if you have a limitted budget of 1.5 KJust to note this earphone comes with bluetooth v 4.1 and CSR 8635 chipset, but there is a confusion with amazon itself... in desc its mentioned 4.1 however in pictures its shown as 4.2.. The seller is selling us version 4.1. Please amazon correct it!! Customers would face the loss in case of any mis communication.Talking about build quality, sound clarity and looksI personally liked it.. Bass is really good no noise while hearing. If you are listening into a good melody songs you would dive into the music. Look wise as depicted in pictures it looks different from the black and red..I use for jogging and excersise and the fit is good.. it won't get dropped off.Battery is ok I am getting around 6 hrs in a one full charge. Battery capacity could have been increased at least to 10 hrs by Boat. But no worries...
",4,boAt Rockerz 255
"Worth every penny.
","Excellent product.Only problem is clumsy cable.
",4,Sennheiser CX 6.0BT
"Great Headphones!
","Purchased these headphones from Amazon and were timely delivered. I've been using these headphones for a week now, here's a review -PROS :1. Sound quality is crisp - high, mid and low (bass) notes are clear and headphones are loud enough. Given these are not in-the-ear headphones, I still need to keep volume at around 50-75%. But I really think loudness could differ from one mobile phone to another.2. Battery is ok I guess, these are my first Bluetooth headphones so won't be able to compare. Once fully charged I can use headphones for 3-4 hrs.CONS:Only the earbuds/tips need some improvement, they slip out easily. Other than that can't think of other points.*Regarding durability can't comment at this point of time.
",4,PTron Intunes
"Not satisfied with the sound
","Not a good thing
",2,boAt Rockerz 255
"Poor cord
","They are really good but the cord is so turn it breaks from within and is useless in a few weeks
",2,Sennheiser CX 6.0BT
"Not worth for it‚Äôs costs
","If you‚Äôre a music lover do not buy it. Sound quality is not good. You‚Äôll be irritated after listening more than an hour because of it noisy sound
",2,boAt Rockerz 255
"Very nice product ....... value for money
","I liked it, very nice product .... value for money @999.  good sound/bass, range is also good
",4,boAt Rockerz 255
"It's not worth to spend money
","Battery life is less
",2,JBL T205BT
"Superb Sound
","very nice product, really i love this, again i booked to my friend.
",5,boAt Rockerz 255
"Faulty products
","The product stopped working in a day, sent the product for replacement, got a new one and that too is faulty
",1,boAt Rockerz 255
"Worth it!
","These are nice pairs of earphones. I bought them for listening daily music. Two months I've been using it, worth for money.
",4,Sennheiser CX 6.0BT
"Waste
","Waste of money. Go for JBL
",2,Sennheiser CX 6.0BT
"Idk
","It does not pair to my device at all. I have tried all I can. It has a blue blinking light but doesn't show up in my device
",1,JBL T110BT
"Voice echo issue
","Only good for listening to music, doesn't help for calls. Voice echo issue, useless only indoors and outdoors this product is not even average.
",1,JBL T110BT
"Superb wireless headphone from JBL
","Great Product from JBL, sound quality was amazing ... indicator light might irritate ... since it always glows... other than good product to buy from amazon ..
",4,JBL T205BT
"Below avg
","Ear paining while using.. not flexible to use also.. need handle with care, material is not strong
",2,boAt Rockerz 255
"Great sound quality
","Sound cancellation is good. Worth buying. Good sound quality.
",5,Sennheiser CX 6.0BT
"Noise cancellation
","Noise cancellation was poor...
",3,boAt Rockerz 255
"Value for money
","True sound quality.  Awesome product for the price point
",5,JBL T205BT
"battery drainage problem..
","battery is discharging too fast.. even within 1 hour
",2,boAt Rockerz 255
"not bad
","sound clarity is good ..but sound is less
",3,Sennheiser CX 6.0BT
"It's a very good device!
","Value for money!
",5,Flybot Wave
"Not good just ordinary
","No bass and no anc. Not worthy for 4500
",2,Samsung EO-BG950CBEIN
"Good
","Battery life is good but little bit sound quality is low as base and but good for all functions..
",4,boAt Rockerz 255
"Very disappointed...
","Sound is ok.nothing special.Microphone is horrible,no noise cancellation at all.not worth the price.I want my money back.and why no return or refund option.only replace option is there.I don't want the same thing again.
",2,Sennheiser CX 6.0BT
"Best earphones
","Best earphones I used till now. Noise cancellation is so good cant even hear car honks on road.
",5,Sennheiser CX 6.0BT
"Disappointed
","Hoping that this will have better Punching of bass and sound quality as compared to our favorite CX180...But  CX 180 is better than this in terms of bass
",3,Sennheiser CX 6.0BT
"Bad quality cables
","Not lasting. Cables are broken before the warranty out.
",2,Sennheiser CX 6.0BT
"All perfect.working smoothly
","All perfect.working smoothly
",4,JBL T110BT
"Bass quality is terrible
","Bass quality is terrible. Bought this cos of the bass quality, but I was disheartened by the quality of the way it sounds. There are way better hear phones with great quality of bass below the price range.
",1,Sennheiser CX 6.0BT
"Mic problem
","Problem with mic
",2,JBL T110BT
"Plain voice, no bass, no noise cancellation
","The quality is good but there‚Äôs no value for money. It sounds like any cheap headphones, only wireless. Plain voice, no bass, no noise cancellations. I‚Äôll recommend to put in some more and buy skullcandy ink‚Äôd...
",3,JBL T110BT
"Good
","Good
",5,Sennheiser CX 6.0BT
"Never ever purchase.
","I didn't receive the product in the product box this empty box from an idiot.
",1,boAt Rockerz 255
"Best budget headset
","Better than jbl in terms of sound clarity.. for those who want bass, go for jbl
",5,Sennheiser CX 6.0BT
"Poor connectivity during call.
","Poor connectivity, even distance is less than 2ft. Voice break in call and sometimes in music. Tridled with few different phones to make sure no compatibility issue, but all time connectivity issue. For this high price, not upto mark. Box packing was used. Seems like supplier keep rotating faulty used item.
",2,boAt Rockerz 255
"It was amazing product. Base was nice
","It was amazing product. Base was nice. It last for more than 6 hours.I didn't get any USB charging cable with the package.
",2,boAt Rockerz 255
"Don't buy
","Product quality is very poor. You don't know when it will die. Device will show Power level at >30% but suddenly it will drop to zero and die. Even though they gave 3 types of ear caps it won't fit. Overall it's not worth for money.
",3,boAt Rockerz 255
"Durability and material very poor
","These earphones woudn't last even 6 months.Twice I hace bought sennheiser, twice I have regretted for the durability of product.Sound quality is very good.
",3,Sennheiser CX 6.0BT
"I use same product before.
","I use same product before when I on it it's saying Boat 255 but this earphone not saying this. Just saying boat only means it's not same model which I ordered.
",4,boAt Rockerz 255
"Three Stars
","Better but the mic is not near my mouth.
",3,Skullcandy S2PGHW-174
"Perfect companion to your ears and soul.
","After a long research to get my BT Headset in the price rage of Rs.2000, I finally landed with this one. I'm happy about this choice. I explored Ant, Tagg and other brands but the JBL brand value and its wider service network given confidence. Surely it's simple yet powerful headphone. very elegant design, no non-sense outfit. Perfect for several hours of music. It is having magnetic lock, which is not mentioned in the product page. In the pack, it has different sized three pairs of ear-bud caps, the subtle Orange in the ear-buds presents its beauty very presently. As far as sound concern, it is JBL. I already own speaker and over-head phone from JBL, which are performing for several years consistently. This also proves its quality. Good bass and clarity, even in minimum to maximum volumes. If you have high resolution audio files, it is perfect companion. The mic placement is not friendly and no carrying pouch is given so, I deduct one star for it.
",4,JBL T110BT
"Satisfying product
","Sound quality is good, battery life, comfort fit, all are okay... Also looks stylish.. Overall worth purchase...  Satisfying product.. Go for itüëç
",4,JBL T205BT
"Not good not bad
","Not good not bad luck
",4,JBL T110BT
"Volume difference! Returned!
","Volume of one ear was very low. Returned the product
",3,Sennheiser CX 6.0BT
"Bad quality from JBL
","Sound quality not good. Mic is not working :(
",2,JBL T110BT
"Looking for a budget Bluetooth earphones just go for it
","The earphones are really awesome, the sound effects are great and the bass is fine, the only con is the connecting wires are too thin
",4,boAt Rockerz 255
"Good quality and affordable earphones !!
","Everything is good sound quality, noise cancellation but there is just one problem it does not fit  properly in my year it comes off....if you are ok with it please go for this earphones
",3,boAt Rockerz 255
"Nice one
","Good one
",5,boAt Rockerz 255
"The best sound but delicate build
","Its best headphone with clear sound and amazing bass, although the effect of base is best while listening it in less noise. As it doesn‚Äôt have any noise isolation but still if it perfectly fit in ears the sound is least effect with considerable noise. That is, it‚Äôs great for general commute. Its mike is also great with it position and recording quality makes it best for calling.Although it‚Äôs not a deal breaker but like me do not expect much with l shaped extension adapter it only works with Samsung or some selected device. And it is also mention on its cover.Comparing it with Sony MDR series (extra bass series) Schneider headphone is way ahead in sound quality, although it depends on your taste but it like Sony MDR series have special punch to bass slightly cutting other aspects like tone quality and treble. Schneider (This model) have almost the same (or better bass) with even better quality of other sound, other than sound it‚Äôs also have superior in comfort and ergonomics.The only thing it lag is the build quality, in almost same price tag Sony MDR series are IP68 and build to last till you are bored with it. While this headphone needs to be treated like a baby and the other trade off with Schneider is lesser service centre in India.So, if you are planning for workout or training music then forget this try Schneider‚Äôs higher sports model or try Sony, Skullcandy etc. but if you are music lover looking only for premium sound quality then it‚Äôs the best in this price range.
",3,Sennheiser CX 6.0BT
"not working properly
","¬†why left earphone stopped working
",2,JBL T110BT
"Sennheiser rocks
","Loved the headphones and listening music with this one is love.
",5,Sennheiser CX 6.0BT
"I want immediate action
","1st two weeks this product is nice.but from third week if I off the Bluetooth button it does not offing.and automatically it is changing songs.
",3,JBL T110BT
"Maast
","Masst
",5,Skullcandy S2PGHW-174
"go for it
","sound quality goodbranding moneynot so much fit In the ears
",4,boAt Rockerz 255
"Small connector not working
","Earphones looking good but small connector is not working properly .
",3,Sennheiser CX 6.0BT
"Good product
","Good product.... connects fast.... sound quality is good...bass is medium not high......battery life is average and for singers.....dont buy it for singing purpose.... it's recording quality is very bad ...you can't use it for singing
",4,JBL T110BT
"Suits the price
","Sound quality is ok for the price, the battery lasts pretty fine and very durable product though.It's good at the price it comes for.
",3,boAt Rockerz 255
"Decent product but....
","Good product. Decent sound, but Little too much of bass that it reduces the brightness of the high frequencies.Wish it sat flush in your ear but has quite a bit sticking out but that's ok.Battery life is good.Easy setup and access with the controls on the side
",4,boAt Rockerz 255
"Good product
","Product is kinda good , the only issue with it is that it doesn't fits in the ear perfectly.
",4,boAt Rockerz 255
"Bass less disappointed
","Written pure bass but it's fully opposite. No bass at all infact the treble is too high and irritating.
",2,JBL T110BT
"Not value for money
","After using it for 5 months One side of headphone not working properly sometimes its sound & suddenly stop.
",2,boAt Rockerz 255
"Loved it.
","Sound Quality:GreatBattery life:Little bit weaker
",4,JBL T205BT
"Jitender sharma
","Boat rockerz 255 bluetooth headset is a great product
",5,boAt Rockerz 255
"Mic problem
","Mic problem
",5,JBL T205BT
"Five Stars
","Much better than other headphones and I am still using it
",5,Sennheiser CX 6.0BT
"Very Happy
","Very happy to buy this product,Good quality , everything is awesome thanx amazon.
",5,Flybot Boom
"Three Stars
","Earphone is good, sound quality is good but price is very high
",3,Sennheiser CX 6.0BT
"Good one and worth the price has good bass and sound
","Overall a good package and value for money
",4,boAt Rockerz 255
"Not up to the mark
","Returned product twist. Still searching for a good one
",2,boAt Rockerz 255
"Sound was good but low bass
","When we purchase products of such brands we expect quality, However it was up to the mark.Sound was good but low bass.
",2,Sennheiser CX 6.0BT
"totally disappointed
","I got the product from amazon as expected in time but the left earpiece isn't working at all.... and even the mike isn't working... I ordered this product to have my conversation easily while driving but to mg astonishment the product wasn't okie... but the audibility with one side of the earpiece is also not less it's a great pleasure. . I hope I get a replacement for this product
",2,Sennheiser CX 6.0BT
"Best earphone if bought under 1500
","I used this product for like 6 months. In between one side of its earphone stopped working but boat team is too responsive as they replaced this product with new one. Sound quality is good but if you want better quality would recommend for other product. Battery life is best even using for so much of time. But facing difficulties as there always some kind of issue happening again and again. Other then its fine if it is bought under sale.
",3,boAt Rockerz 255
"Nice product
","Sound quality is not up to mark.
",3,PTron Intunes
"Standby not automatically done
","Easy to use and handling bt main drawback it doesn't go in standby mode automaticay as like samaung and sony and battery got drain out withinn 3 4 hoursSound wise also average
",2,JBL T110BT
"JBL
","Not happy
",2,JBL T205BT
"Worth for Money
","Bluetooth headsets usage beginners will be useful
",4,JBL T205BT
"Defective product
","I got a replacement for defective product...the replacement box looked pretty old....and after a month I see the mic button wear-off!!!...
",3,Sennheiser CX 6.0BT
"Improved wire quality
","Simply it's very nice and good product
",5,Sennheiser CX 6.0BT
"Amazing Product Value for Money
","It's a good headphone set and it's worth every penny. But the storage pouch and small ear bud set was missing. Wondering whether it's a used thing or packing missed.
",4,Sennheiser CX 6.0BT
"Not worth
","It has started giving trouble within few days of use.  There is a constant noise which is quite troublesome
",2,boAt Rockerz 255
"Great Product to buy with fine quality of sound but my item just worked for only 6 months.
","Great Product to buy with fine quality of sound but my item just worked for only 6 months. My badluck
",3,JBL T110BT
"SOUND QUALITY IS GOOD
","I gifted this to one of my friend on his birthday. And he was very happy. The sound quality of JBL is awesome no doubt.Battery life could have been better otherwise everything was good
",5,JBL T110BT
"Poor product
","Not satisfied with this product.
",2,JBL T205BT
"Not bad
","Not bad in this priceSound quality is not bad
",4,boAt Rockerz 255
"Too much Bass
","Too much bass effecting the sound quality. Mid and treble are nowhere balancesand has to use equilizer. Not recommended if you want to listen old Hindi songs else good for current remixes trend.
",4,boAt Rockerz 255
"The battery Is causing issue
","The battery is causing issues, it not getting charged and also when charged full it only works for an hour or so
",2,JBL T205BT
"Great earphines by sennheiser
","Amazing etphones
",5,Sennheiser CX 6.0BT
"Worst product delivered to me
","What can I tell about the product.I initially ordered the product and got it replace because it was not working properly.Later I ordered it again assuming that I will receive a good quality product. However post month the new earphone that I received stopped functioning.I had to visit the Service center and get it replaced.Not expected such type of product from Amazon
",1,Sennheiser CX 6.0BT
"Must buy...bole to taste Mai mast earphones
","As per m boat lover.....boat is simply amazing.. everything is good.noise cancelation.sound quality. comfortable in ear .. outstanding performance.and spekar also works perfectly while talking on phone..thanks Amazon.
",5,boAt Rockerz 255
"Battery is faulty within one month.pls replace the device
","Battery is not working properly.pls help.pls change the device
",1,JBL T110BT
"3/5, It's Okay
","Sound quality: ExcellentCompatible with: iPhone5S, Laptop, mp4 playerThe cord seems delicate though, not sturdy enough.
",3,Sennheiser CX 6.0BT
"Received faulty product
","The product looked fine when I opened it. But it didn't sound well. Sound was leaking multiple times. I used it while jogging and I couldn't hear a single song perfectly. Disappointed.
",1,boAt Rockerz 255
"Good headset if you don't mind what I've stated below
","I bought these a few days back and after a lot of thought. Here's my impression:PROS:1. Sound quality - these Bluetooth earphones are quite clear and crisp which I loved, however I find that on call and even in general the volume output is low so often you have to keep it on maximum which I don't think it's heathy at all.2. Noise cancellation - these earphones have zero noise cancellation since they are not earbud style, so if you are in noisy traffic chances are you will struggle to hear music and the caller on the line3. Bluetooth range - the range is good, you can get as far as one room away with no distortion nor disturbance which is very pleasant, I really liked that. However it struggles to stay connected should you travel any further than that. Decent range, works for me4. Built quality - the build quality is as can be expected for an earphone in the range but even then it's good, well finished and the flat cable really does help quite a bit to keep from a tangled mess!5. Battery life - with medium usage it lasted me close to 1¬Ω days on a single charge which is not shabby.CONS:1. The design of the headset with the battery on the one side and the microphone unit on the other is very flawed because inadvertently if you are using only one earphone the battery unit pulls the microphone to the back of your head and you have to constantly adjust. It happens even when you wear both, either a neckband on the section that goes around or even a clip to tighten the wire on the back of the head would have been a good addition2. The earphones - I found that since these rest just inside the ear opening they need constant adjusting as they tend to shift as you are working or moving, plus my ears started hurting a little as some point, not to the extent of returning these or not keeping them in but I believe providing mini ear hooks would have been a good idea so that they keep the earphones snug and immobile
",3,JBL T205BT
"Microphone issue
","Microphone is not working properly and there seems to be more noise when using for voice calls
",2,boAt Rockerz 255
"Low bass,good battery and nice durability
","Sound quality is not up to the mark, as I expected, otherwise product is nice
",4,JBL T110BT
"Sound quality not upto the mark
","Bass effect very low. Spend some more bucks and buy better. Dont recommend
",2,JBL T205BT
"255
","During unpacking When i see d box it was in very bad condition . Sound Quality is not good .
",1,boAt Rockerz 255
"A nice product - stopped working
","Bass is good. loveable for music lovers.But, after using for 5 months it stopped working.
",1,boAt Rockerz 255
"fake product
","quality is very bad.. i think its not original.
",1,JBL T205BT
"SOUND QUALITY IS GOOD ,BUT POOR CONNECTIVITY , POOR FITTING.
","SOUND QUALITY of flybot wave wireless earphones is good,but very good when the earphone CONNECTIVITY is also good, in middle of playing songs automatically song is intermittently music play, disconnected and also connected but why disconnected ,(I connected and using the Bluetooth in between 10 metre,and also Company written this In box Bluetooth transmission  range is 10 metre, so why disconnected, I will show this in photo)  , stopped ,and also fitting is very poor (I do jumping jacks ,dance, I adjusted the earphones everytime also  when I am running because earphones is not perfectly fitting I also change buds but nothing happens same problem produced) and also in one pair buds , one bud is small and other one is big I will show by clicking photo, COMFORT soft and lite in weight  but main problem is poor fitting,and CONNECTIVITY.
",2,Flybot Wave
"Within warranty and not charging
","It's within warranty and has stopped getting charged.. help me get it
",2,JBL T205BT
"Earphones are good, but a bit long in length
","The design could have been better. But sound quality is really nice at such price
",4,boAt Rockerz 255
"Four Stars
","Great headphone, bass is good and output is awesome.A recommended purchase
",4,JBL T110BT
"Nice product
","Low bass lovers like a earphone
",3,JBL T205BT
"Stopped working after 20 days. Defective item sold
","Stopped working after 20days of use. Immediately getting switched off after powering on.. defective piece sold to me..return window also closed..
",1,JBL T205BT
"Dont buy. Waste of money. Low quality product
","Worst headphones ever. Sound quality is below average.. Also the rubber material on the headphones came off within 4-5 days.. It also hurt your ears if you use it for long..
",1,JBL T205BT
"Not worth in any angle for music lovers
","Waste of money
",3,boAt Rockerz 255
"Is Bass of the headphones is high
","Sound quality is greatü§òand the noise cancellation is also greatüëç but the Bass is bit poor üñêÔ∏èbut  it can maintain both song and bass in a equal tempo
",5,Sennheiser CX 6.0BT
"Bass is a letdown
","It‚Äôs good but bass is a big downer ! Hardly any bass! Durable and good battery !
",4,JBL T110BT
"Two Stars
","cable is very thin and it tangles very bad also treble is very high not for bass lovers.
",2,Sennheiser CX 6.0BT
"NOT TO GO FOR THIS
","Senheiser is best known for best quality earphones.Previosly I used Sennheiser CX 275 S earphones which was One of the Best in its range.Later I think of buying another one from Senheiser, So Ordered Sennheiser CX 2.00G (Which is costly than Senheiser CX 275 S) But Got Totally disappointment. Sennheiser CX 2.00G do not worth a 500 rs cost.I am writing names of earphones again N again because I found that Review Content for both the earphones 1-  Sennheiser CX 275 S, 2-  Sennheiser CX 2.00G is same. Amazon is showing same reviews for both the earphones. But both are totally different in Quality.Check the reviews here,- https://www.amazon.in/gp/product/B00NQ17ZUS/ref=ppx_yo_dt_b_asin_title_o00_s00?ie=UTF8&psc=1- https://www.amazon.in/gp/product/B008V6T1IW/ref=ppx_yo_dt_b_asin_title_o01_s00?ie=UTF8&psc=1
",1,Sennheiser CX 6.0BT
"-
","Awesome product, nice sound quality.
",5,Sennheiser CX 6.0BT
"nice product
","good product
",5,JBL T110BT
"Sound quality awesome.... But The quality of the wire is doubtful...
","Sound quality is awesome.... But the quality of the wire is not as expected by me for a 1.5K worth headphone.... You have to be very careful dealing with headphone...  Wire is too thin and i dont know how long it last....
",3,Sennheiser CX 6.0BT
"Good built quality as well as sound
","I like the product but some how when i open the parcel its box seal is broken. May be some one return the package and they gave me that broken seal package that i dont like, Thats is why i am giving 3 star otherwise product is good.
",3,boAt Rockerz 255
"Need replacment
","I got the in month of june.... Suddenly right side had stopped working.... Can u help me for replacement.... As itz showing 1 year replacment warrenty
",3,boAt Rockerz 255
"Awesome sound quality.....
","Very best product..... awesome sound quality...soft and deep bass....and works properly in all devices.......
",5,Sennheiser CX 6.0BT
"Good product.
","Good product
",1,JBL T205BT
"Pubg kai liye soch rahe hoo too bilkul nhi lena
","Sound or price is too good
",3,boAt Rockerz 255
"Aswome Bluetooth earphones
","Bluetooth connectivity is working as expected and microphone also works well.very good base and sound quality
",5,Flybot Beat
"Waste of money
","Terrible earphones. All I hear from them is base. No treble whatsoever. Unable to return product!
",2,boAt Rockerz 255
"Try other products
","Not at all compatible for playing games. Many a times call quality is poor. The earphone white cover came off with 15 days. And within a month its battery life start deteriorating.
",3,JBL T205BT
"Good product
","Bohot hi acha product he our sounds bhi bohot acha he iska use man and woman bhi kr skte he I personally try this nice looking and superb battery
",5,PTron Intunes
"Best sound..poor quality.
","Day 1 review.# poor quality - looks and feels like a 100 rupee earphone# sound - best for me so far. I've been using Samsung akg tuned one.
",3,Sennheiser CX 6.0BT
"Headset problem
","I have problem with one headset with higher volume while other was low volume.
",2,Sennheiser CX 6.0BT
"Earphone wont suit my ear.  No return policy. Money wasted
","The earphone is not suiting my ear. It is continuously falling down on slight head movement.  This one doesn't come with any rubber beading to provide a proper fix.  Product return is not allowed. So its an absolute wastage of money.
",1,JBL T205BT
"Not a thing for purists.
","At this price Skullcandy Smokin buds 2 is a better option. The bass in this thing is seriously overhyped and sounds kinda tinny/metallic. And purists will hate it. Wire quality is also thin and flimsy. No support under the earbuds. Might easily come off. User of skullcandy and Beats since 10 years. Got 8 pairs of skulls and 2 of beats. I bought it because of the convincing reviews but I'll stick to Skullcandy üíÄ üíÄ üíÄ
",3,Sennheiser CX 6.0BT
"Sound quality is POOR. No bass
","Sound quality is POOR. No bass, not much treble. If you have used better headphones in the past, it will sound like you are listening music in speech mode. Its flat.  [No beats:( ]. Sony MDR-EX150AP which is like the cheapest Sony headphone with mic is light years ahead w.r.t to sound quality.Buy this only if you are desperate for a Bluetooth headphone.
",3,JBL T110BT
"No use
","Waste product
",1,Sennheiser CX 6.0BT
"Uncomfortable, not working properly
","Very bad to use long time as it having long ear phone, 1 of earphone not working properly
",1,boAt Rockerz 255
"Wastage of money
","Totally wastage of money.. One earpode is working and another is not.. Got them replaced and same prblm in new one too..
",1,boAt Rockerz 255
"Mic stopped working with 2-3 months of use
","Not at all satisfied with the product and the durability it offers for this price range.My mic has stopped working within 2-3 months of limited use of the product .
",3,Sennheiser CX 6.0BT
"comfortable and soft sound quality product
","I like this wireless device but as compare with wire headphone, sound quality not good, may be it wireless software /device issues.
",4,JBL T110BT
"Not so great
","I did not like the sound of the device too much (bass is not too much as the other reviews claim).  Mine had problems connecting to multiple devices,  I had to switch it off and then switch it on everytime I want some it to connect to multiple devices. Battery backup is only about 5 hours
",3,boAt Rockerz 255
"Superb quality and music lover must try this product
","Good productAnd superb sound quality
",5,JBL T110BT
"Want to return this product-due to unsatisfactory of this product
","I had brought this headphone from amazon and this product is working good for 2 Weeks,after two weeks its one side is not working.
",1,boAt Rockerz 255
"Was disappointed at first few days, but now more than happy now
","writing after using it for more than 4 months.At first lil disappointed due toh connectivity issue, many times it gets disturbance I believe could be bcos of frequency overlapping. But I want to talk about today's experience I am traveling for around 8 hrs now its incredibly working awsm, no battery issues, no connectivity issues, still 60% battery remains. I think its bcos of short distance range.Earlier I used to take it everywhere hung up on my neck and it everytimes it took time to reconnect. So all in all happy with it now.
",5,boAt Rockerz 255
"Average product but overpriced
","The cost is high but I didn't it worth after I bought it
",3,Sennheiser CX 6.0BT
"Go for it if you want a basic wireless ear phone.
","Basic wireless headset with mic. Sound quality is average. Had expected good bass as its from boat.. but was disappointed with the bass as well as the sound quality which sounded artificial. Batter backup is good and also the make quality is good.  A 3 star product.
",3,boAt Rockerz 255
"NOT SO Fancy
","Costly
",3,boAt Rockerz 255
"BASS
","LOW BASS AND NOT UPTO EXPECTATIONS
",2,Sennheiser CX 6.0BT
"Amazing
","Amazing headphone.....Voice amazingBass amazing
",5,boAt Rockerz 255
"1 Star ‚≠ê for product package box from manufacturerüì¶ and handling
","The headphones are quite good at price which I brought, but the packing box üì¶ is worst üëé it got fully damaged when I received please see the images which I attacked,  sounds üîä quality is ok and finished also but not best üëçüíØ over all  I give 3star for this product but for package manufacturing and handling 1star ‚≠ê
",2,boAt Rockerz 255
"Bad Quality.
","This was not a genuine product very upset with amazon..same product with same sound quality i had seen on road worth Rs 499.....i always buy from amazon..but this time amazon just break my trust...i only use JBL earphones..so in know the sound quality ...please don't do this.
",1,JBL T110BT
"Sound is not good
","Very cheap product frnds don't buy
",2,JBL T110BT
"Pls improve its reaction with sweat
","Well excellent sound quality and provides good noise cancellation .. but when the controller catches the sweat the buttons do not function properly.It's just a month and this has happened twice now so if these people are mentioning that sport earphones they pls don't fall for that.. its just useful for normal and just be thoughtful.
",2,boAt Rockerz 255
"Good for a budget earphone for daily use
","I liked the products life and quality. There are a few connection issues at times perhaps but it's minor compared to the price and the quality. I'm pretty happy with my purchase.
",5,boAt Rockerz 255
"Dont buy this.
","Its a cheap chinese product. No bass at all. Volume is slow even on high sound.
",1,Flybot Wave
"Very gud wireless headphones in this price range
","Very gud wireless headphones in this price range
",4,boAt Rockerz 255
"Bad battery life slow recharges
","Best earphone but have a pretty worst battery life and slow recharges and have a problem in noise cancellationOther wise this product has made up to the mark
",5,boAt Rockerz 255
"There are other better options then this one ..
","Battery is good but range limit is bad and after some time you ear some sort of disturbance while playing anything ..
",1,boAt Rockerz 255
"good to buy.
","nice.
",4,boAt Rockerz 255
"Don't buy it,
","Sound decreases after 1 or 2 months
",1,Sennheiser CX 6.0BT
"Headphones not working
","It's not working for one ear.. is there any service center access for online services?
",2,boAt Rockerz 255
"Worst product from jbl
","Worst product from jbl. It sounds like 4‚Äù Radio speaker. Instead of buying this for 2k rupees buy i6s Bluetooth and use your older jbl or sony wired headset on it. It sounds awesome.Hence I returned it.Now im happy with my i6s
",1,JBL T110BT
"Asm
","Quality so good
",4,JBL T205BT
"Nice
","Nice
",5,JBL T205BT
"Good earphones
","Overall, I am satisfied with the sound quality and design of this earphone. The only thing which I didn't like was that the wires are very thin and am just hoping that they don't get tear up.
",5,Sennheiser CX 6.0BT
"Very bad this  2 hour working
","Very bad this  2 hour working
",3,boAt Rockerz 255
"Three Stars
","Not recommend it. Try the cheap one not worth of this price.
",3,Sennheiser CX 6.0BT
"Great sound clarity
","Great sound clarity, loud and great bass.Best noise isolation, even if you are travelling, the voice is so clear.Best ever headphone in this range.
",5,Sennheiser CX 6.0BT
"Awesome sound quality n easy to use
","Very happy with the product
",5,JBL T110BT
"Max volume came down in 3 days
","I tested these on full volume on day one. It was too loud but crystal clear which met my expectations. But on day 3 that mox volume came down to a moderate level. I did read about the same in one ef the reviews but didn't expect it to happen so soon. Sounds and build quality is good
",4,boAt Rockerz 255
"Good
","Better
",3,JBL T205BT
"Want to replace
","Good but 1 yr warranty now right speaker not working
",3,boAt Rockerz 255
"Good
","sounds quality good.but too costly.If you want in less money go for soundmagic it's value for money.
",3,Sennheiser CX 6.0BT
"Unsatisfied
","Not so good
",3,boAt Rockerz 255
"Sound quality is good
","Amezing sound quality.  But disconnect on the bike.
",5,boAt Rockerz 255
"only good for some.....!!
","I have just bought it and hardly used it 3 times...Now these has started to give a ""hissing"" sound after connecting it to my device...And main thing is it is not connecting itself to my PC I have tried a lot..but these are not good..Such a bad thing by amazon India ...I have never expected this thing from amazon...Please don't buy these stufs from amazon....So bad...üòîüò≠
",3,boAt Rockerz 255
"Nice with everything
","Best sound and comfortable for ears .
",5,JBL T205BT
"Worthy for its price.....Must buy
","When i was looking for an ear phone with call facility, every one was suggesting samsung and other brands. At max they suggested to go for sony.I had an experience of Sennheiser CX 180 and they were far better for listening training video than Creative ep 630.I thought to give it a try and luckily i was successful. These ear phones are made to listen voice calls and perfect in listening music as well.Guess what after me, two of my friends also bought the same ear phone for them.Truly worthy for their features and their price, oops i forgot  - you get two years warranty replacement
",5,Sennheiser CX 6.0BT
"for money its worthy
","1.good build and audio quality2.good battery and stability3.need to improve Bluetooth distance and music forward and backward is not available
",4,boAt Rockerz 255
"Product
","Fully satisfied with the product
",4,boAt Rockerz 255
"Feeling guilty to buy this as it doesn't have good sound quality and.......
","The sound is not good....needs much improvement and also the wires needed to be of much better quality. Feeling guilty to buy it....would have rather gone for JBLT60B wireless or Mi wireless sports earphone
",3,boAt Rockerz 255
"I doubt it will last long?
","Writing a review after 5 months of usage!It's a very good headphones!I was looking for some good headphones which I can use while riding my bike, and these were perfect!But the reason I gave three stars is that recently it is charging in half the time it was before and not even lasting half an hour!JBL I need a replacement!
",3,JBL T110BT
"Unfaithful
","Worst wireless earphones to take, its one side broke after 5 month and stopped working
",2,JBL T110BT
"Performance , only short lived.
","If I would have written a review in the initial days of usage of these earphones, it would have been an amazing review of the product. But after 6 months of usage, I observed a volume difference between the two ear buds. This is something that is damaging for the ear. No one would recommend using such a product. Sennheiser should really look into the product's performance in longer term(more than 6 months). If the product is not able to deliver as promised after 6 months, then it should be mentioned in the product's description.
",1,Sennheiser CX 6.0BT
"Not Worthy for this Amount
","Not worthy for this amount
",3,PTron Intunes
"Must buy if u need Bluetooth n u r audiophile who prefers balance sound
","I don't understand what there reviews r for either the song u all listen to are of bad bit rate or u just dunno what to expect. I'm coming from using bose jbl n all n trust me as far as Bluetooth codec goes for non Samsung phone it uses sbc which is still good u just won't get the extra teeny beeny stuff like dolby n all if u have in ur lappy or phone but for Samsung phones u can enjoy their own codec which r good sbc people say its bad coz low cost devices use it but u can check the net n research urself its really capable codec just give it the hardware to run it and for other devices that that says they use aptx well they do but their speaker can't even deliver what's the point in having aptx . But still the sound quality is excellent nothing to complain for 3k the kids high n lows r all balanced n superb everything is clear for all who want bass like the Sony xb series not for u these arnt made to enhance bass but its there definitely n plays only when it needs to n i like that not making every little thing bassy is not good for the song too. Battery life is good too I use with high volume ( coz u like it loud) at 100 n boy I got 8 hrs out of it which is normal coz companies usually advertise at 70 % volume. The mic is good too the person on the other end literally though I'm still using my bose soundlink 2 mic. Not sure what's with the other reviews but imma say just go for it it's worth every penny. Noise cancellation is passive noise cancellation u get 3 different size ear tips use the correct size n passive noise cancellation should work
",5,Samsung EO-BG950CBEIN
"Screechy Sound
","Don‚Äôt buy... consider Apple or jbl
",2,Sennheiser CX 6.0BT
"It is really good. I like the bass effect and don't like ...
","It is really good.I like the bass effect and don't like the quality of wire,feels like so light and get damage soon.The brand shows its quality in the music.I used Philips,skull candy and JBL,didn't get the Effect which Sennheiser gave.
",4,Sennheiser CX 6.0BT
"Worth for 1100.
","Worth Buy for 1100 but not more than that.For listening songs it is good.but for calls in traffic and out of home,it is not suggested.Battery life is good.
",3,boAt Rockerz 255
"Sound Quality is good but No warranty Support
","Product malfunction within 1 year of purchase
",2,boAt Rockerz 255
"sound quailty
","sound quality is very bad
",1,JBL T205BT
"If your budget is under 1200 then go for it..
","Its been a month now... First of all its a neckband wireless in the ear headphone.. The sound is more like boat basshead 255..i have used 255 earlier.. Battery backup is probably 5-6 hours.. i got it in sale at 990.. And at this cost Its worth it...
",4,boAt Rockerz 255
"dead in 8 months
","the product just died on me... stopped charging randomly, and does not work now..... poor quality... not expected of a JBL
",1,JBL T110BT
"Good Product
","This is very good product of this range. Its been more than 1 year and it is still in very good condition. excellent product
",5,Sennheiser CX 6.0BT
"Five Stars
","no need to say any thing , its name is enough
",5,Sennheiser CX 6.0BT
"Worst Product
","Worst Product
",1,Flybot Wave
"THE BEST.
","Can't switch to any other earphone once you use this.
",5,Sennheiser CX 6.0BT
"Not worth
","Outside soundAnd doesn‚Äôt work on phone call
",1,JBL T205BT
"Three Stars
","Ok
",3,Sennheiser CX 6.0BT
"Battery Issue
","After two weeks, it is not connecting with Phone eventhough battery is charged fully. Faulty product, don't buy.
",1,boAt Rockerz 255
"Nothing special.
","Nothing special if only you want to use mic then go for it good if you really want to it used for for listening music then don't go for these earphones that is distort while using with equaliser or at high volume better go for XB55 or XB75 Sony earphones which i purchased one month after this one. I think I have used XB350 earphones of Sony earlier for 2 years that is why I was not satisfied but the thing is that the build quality of these Sennheiser earphones is not good and also have distortion. Go for Sony XB55 if you really want great sound blindly.Pic attached, one side sienhieser and one side Sony xb75ap.
",3,Sennheiser CX 6.0BT
"amazing sound quality and fastest delivery by cloudtail
","Cloudtail excellent service about the sound quality of product amazing marvelous thumbs up to the cloudtail and speechless for sennheiser CX 275s .
",5,Sennheiser CX 6.0BT
"Superb audio quality, Durability the only problem.
","Superb audio quality. Only problem is on the durability front. The wire is too thin.
",4,Sennheiser CX 6.0BT
"Worst earphones stopped working after a month
","Stopped working after 1 month
",1,boAt Rockerz 255
"need a replacement as still under warranty!
","I have purchase this product on 27-09-2017, it worked wonderfully for a year and now (today 13-12-2018) from last few weeks one side, the left with the mic is not working.This product is good. Request for a replacement as it is still under warranty.
",4,Sennheiser CX 6.0BT
"Excellent
","Good
",5,JBL T205BT
"Seller should replace the product immediately if you really want customers to be satisfied
","Within two months Mice is not working and battery life horrible and not even 40 minutes
",1,boAt Rockerz 255
"Recommended but costly
","Good quality but 1 side stops working after sometime. 2 year warranty with replacement is good.
",4,Sennheiser CX 6.0BT
"Sound quality
","I like the sound quality of this product. i hv been using this for last ten days and i must say that battery life of this one is not that good. overall nice product. it is value for money.
",3,boAt Rockerz 255
"It is slightly better than 1more piston fit which is half in price
","I was expecting more from this one specially after watching so many reviewers praising this product but i was just ok
",3,Sennheiser CX 6.0BT
"Worse experience
","Worse don't buy it, connectivity issue, gets disconnected at any time
",1,JBL T110BT
"Bang for your Bucks
","Really good product for it's price at 1k i wish they should provide with a carry case..
",4,boAt Rockerz 255
"Product damaged.
","Got a different earphones. Defective and damaged. What's happening?
",1,Sennheiser CX 6.0BT
"Value for money !!
","Design  - 8/10Sound  - 9/10Battery life - 8/10Delivery  -10/10
",4,JBL T205BT
"Normal earphones nothing special !
","Umm.what can I say...its ok earphones. And over rated. Sounds ok like any other headphones. Overall ok but too much costly. The extra cord doesn't work properly. Strange.
",3,Sennheiser CX 6.0BT
"Good Bass & Battery, doesn‚Äôt fit properly Pain in ear after 15-20 mins
","But you can‚Äôt wear it while jogging and any other exercise it keeps falling, you can‚Äôt use it not more than an hour your ears start paining because of it‚Äôs metallic earplugs design.it‚Äôs ergonomic like Apple EarPods but couldn‚Äôt fit well.Rest the sound quality is very good, bass is perfect, battery is good. Lost 3 star just because of pain in ear
",2,JBL T205BT
"Good products
","Sometimes it disconnected automatically while playing it for a long time.
",4,boAt Rockerz 255
"Good
","Good
",5,boAt Rockerz 255
"Good but not as adequate
","Not as much sound is good but not adequate according to price and brand name only
",2,boAt Rockerz 255
"I like this product nd i recommend this product
","Worth buying this.. Battery life is very good.Sound quality is also goodBuild quality is also good
",4,boAt Rockerz 255
"It's suprb....
","No chance full mark....I love it...
",5,Sennheiser CX 6.0BT
"Bluetooth issue
","Bluetooth acts weirdly while put in pocket.
",4,boAt Rockerz 255
"6/10
","The sound quality is good. Treble is awesome, but little disappointed with the bass. Voice clarity and mic is really good.But i would recommend everyone to buy CX street 180 if they are no looking for an earphone with mic.Overall: 6/10
",3,Sennheiser CX 6.0BT
"The Worst Earphones Ever
","First of all,, This review is about Boat Rockerz 255 Bluetooth earphone. Generally , I don't have the habit of writing product reviews but this s*** earphones made me review this in order to save the other consumers who are planning to buy this CRAP. In my opinion ,,Firstly , An earphone should be comfortable to wear. In this regard,, it makes you to cry in pain even after 5 minutes of usage !! Secondly , it should have a good audio Quality !! It's just okayish when it comes to sound quality, Nothing great to talk about it. Overall, Never buy this earphone even if they give it for free unless if you wanna hurt your ears with this abysmal earphones.
",1,boAt Rockerz 255
"Clean And Perfect Sound
","Clean and perfect sound quality. it's built quality is nice and durable. it's worth the price that it costs.
",4,Sennheiser CX 6.0BT
"Lasted only 21 days!!!
","Wow amazing, i wished i had not fallen for the trap and bought a normal wired set.21 is day into daily 6 hours of listening and now they wont charge or power on, guess its a long queue of unwelcoming support folks if any!!! hope this helps your decision future buyers!!!gl
",1,JBL T205BT
"Best sound quality
","Sound quality is best all thing is bestBut ear buds not  comfortable in ears after if you are using continuously  1 or 2 hour the ears got pained
",5,JBL T205BT
"Not waste your money
","This is only so so product only .
",2,Sennheiser CX 6.0BT
"Awesome Product
","Awesome headphones the product is worth it..
",5,Skullcandy S2PGHW-174
"LOW SOUND PROBLEM
","Very low volume..so practically no use at all.
",2,boAt Rockerz 255
"Best
","Good quality
",5,JBL T110BT
"Don't buy it..
","Literally no Base...
",2,Sennheiser CX 6.0BT
"6999 is not worthy for this product
","Not worth
",2,Sennheiser CX 6.0BT
"Remote Doesn't work with Iphone
","Received a faulty one but was replaced the next day. But the remote does not work with iphone. Neither for play/pause nor for receiving calls. Had no patience to try another one returned the product.
",1,Sennheiser CX 6.0BT
"Blue tooth can't connected
","Not working very bad condition
",1,JBL T110BT
"Value for money
","Overall, amazing earphones by Boat. Was skeptical at first, but I have now owned it for 2 months. Happy about it.My only issue would be the part around the neck. Gets uncomfortable and irritating in humid climates.
",4,boAt Rockerz 255
"Poor quality
","Mine broke in 3 months only. Quality is not upto the mark.
",3,JBL T110BT
"cx180 is much better than thi in soun quaity
","cx180 is much better than thi in soun quaity, the only additional thig is mic..so i am not staisfied ith bass low soun quality
",3,Sennheiser CX 6.0BT
"Waste product
","There is the issue with the product the speaker is not working not able to talk to other person using the earphone it's waste of money . Kindly your product back and refund my money back
",1,Sennheiser CX 6.0BT
"sound is awesome clear , clear bass,clear vocal , but build quality is like cheaper.
","i used boat ,jbl,1more,mibasic ,also sound magic, and house of marly , all are around 500 to 1500 price segment,in sound and clarity also base and vocal ,mic clarity, best one is this product cx 275 is best ever in this price with mic,CON: ONE BUILD QUALITY SEEMS LIKE LOCAL CHEAPER EARPHONE ABOUT 200 TO 300 RS AROUNDCON: TWO 3.5 MM JACK IS NOT 90 DEGREE L SHAPED, IT IS STRAIT SO IT POSSIBLE TO DAMAGE JACK IN POCKET.OTHER WISE BEST SOUND IN THIS PRICE SEGMENT EVER I HEARD ACROSS ALL BRAND I MENTION ABOVE.I PREFER TO BUY BUT IF POSSIBLE USE 90 DEGREE L-SHAPE 3.5MM JACK ADAPTER AND USE WITH CARE
",4,Sennheiser CX 6.0BT
"Awesome
","Bought at ‚Çπ1099 that was a steal. Awesome sound quality. Bass is really good. Don't think just get it.
",5,boAt Rockerz 255
"Two Stars
","Very poor build quality. Had to return it. But Amazon's service was amazing! :)
",2,Sennheiser CX 6.0BT
"Replacement under one year warranty
","I need replacement of this product because left side speaker is not working. This product was delivered to me on 22 Jan 2019.
",3,boAt Rockerz 255
"Clarity of sound is very good but bass not up to mark
","Clarity of sound is very good but bass not up to mark , if you are looking for bass than don't buy . If you are looking clear sound then must buy
",5,Sennheiser CX 6.0BT
"Not for those who knows about clear hd audio
","Sound quality is not good, volume is high but clarity is low.
",2,boAt Rockerz 255
"Good package at this price !
","Sound quality is not mind-blowing but is fairly accurate as per price. Battery life is more than what I had expected normal backup at mid volume ranged for about 5-6 hours. For this price range, it is the best package !
",4,boAt Rockerz 255
"Sounds good
","Nice!!!!
",3,JBL T110BT
".
","Its build is such that it also provides passive noise cancelling to some extent.
",5,Sennheiser CX 6.0BT
"Good sound and comfort.
","This works great and the sound is really good! The earbud tips are available in three size and you can choose the one that fits perfectly for best comfort.
",4,Sennheiser CX 6.0BT
"Just SO SO
","THANK GOD I BOUGHT IT WITH JUST RS 999........ otherwise I would have slapped myself
",3,boAt Rockerz 255
"Serves the purpose
","Sound is amazing , build quality is good,But the range is pretty less. If you leave your phone in the other room, connectivity is gone .Otherwise all is good , Worth the money spent.
",4,boAt Rockerz 255
"Not working
","not completed 6months already it is not working left hand side,there is no service centre available in bengaluru ,what will be the solution
",2,boAt Rockerz 255
"Not working properly right side one is not working
","Very poor in durability just purchased 3 months ago now not working properly
",2,boAt Rockerz 255
"Very very bad üòûüòûüòûüò•üò•üò• mic is not working
","Very very bad quality of yer phone
",2,JBL T110BT
"Best under this price range.
","Everything is fine but for the mic. will have to speak louder or keep the mic near to your mouth.battery backup is good. Bass is amazing.
",4,boAt Rockerz 255
"Mick not working properly
","Average quality
",1,JBL T110BT
"Good
","M happy with the product
",4,Sennheiser CX 6.0BT
"Don't buy this product wast of money
","Don't buy this product, go for Samsung level  u or Samsung u flex
",1,JBL T110BT
"Good quality
","Quality product
",5,Sennheiser CX 6.0BT
"Value for money
","Audio quality is good. Bass is too high. Also if I wear it for more than 3 hours my head starts paining
",4,boAt Rockerz 255
"Fine Earphones- OK OK
","Decent bass quality not the best like Sony. Battery excellent. Bluetooth connectivity fine. Overall all OK for price in segment
",3,boAt Rockerz 255
"Wow
","Earphone is good but sound is quite (little bit) slow. Allover this is the best and good earphone in this prise.
",5,boAt Rockerz 255
"I want a replacement
","The product is heating up.. battery life is very poor. The product gets heated up while using..
",2,boAt Rockerz 255
"Good
","Good product at this price
",5,boAt Rockerz 255
"Don't buy
","Material is good but sound quality is really bad i am really a big fan of service and product by using cx 180 but this disappointed me
",1,Sennheiser CX 6.0BT
"Battery backup.
","Very low battery backup.
",2,boAt Rockerz 255
"Avoid buying
","Thw stopped working within 10 days of purchase. It won't start or power on.
",1,JBL T205BT
"Not worth the money
","For 1500 rs it's a no deal,  BT range is merely 10 feet,  without obstruction.  Battery life is around 3 hrs.  Below average.
",2,boAt Rockerz 255
"Sound not good
","Sound quality is really bad. My  Samsung earphones sound better.Connectivity also not so good.
",3,boAt Rockerz 255
"Nice
","Good brand
",4,boAt Rockerz 255
"Decent one for the price
","Quite durable and customizeable. Sound quality is okiesh.
",5,boAt Rockerz 255
"Plastic shell painful for ears after 20-30 min
","All over it is fine in case of sound but after 20-30 min ear start paining because of its outer plastic shell. I got delivery of the product after 2 months till date when i ordered it.
",2,boAt Rockerz 255
